,City,Latitude,Longitude,Humidity,Temp,Cloudiness,Wind Speed,Country
0,busselton,-33.65,115.3333,44.0,66.16,36,10.67,AU
1,lumeje,-11.55,20.7833,98.0,62.62,96,4.07,MU
2,husavik,66.0449,-17.3389,86.0,41.13,53,8.63,AU
3,dhidhdhoo,6.8833,73.1,73.0,83.73,47,6.96,SA
4,punta arenas,-53.15,-70.9167,81.0,46.51,40,12.66,AR
5,coihaique,-45.5752,-72.0662,87.0,40.95,0,2.3,PF
6,qaqortoq,60.7167,-46.0333,90.0,26.4,8,5.19,EC
7,hermanus,-34.4187,19.2345,85.0,55.8,5,12.19,RU
9,dikson,73.5069,80.5464,90.0,8.13,100,15.1,RU
10,geraldton,-28.7667,114.6,60.0,70.21,71,16.11,US
11,muros,42.7762,-9.0603,88.0,53.83,96,6.87,CL
13,pasaje,-3.3333,-79.8167,94.0,74.53,97,0.6,IN
14,butaritari,3.0707,172.7902,75.0,82.2,58,11.45,SO
15,qandala,11.472,49.8728,59.0,85.51,25,3.02,AR
17,hithadhoo,-0.6,73.0833,62.0,83.62,95,6.15,SH
18,marawi,7.9986,124.2928,61.0,81.82,92,5.93,US
19,thompson,55.7435,-97.8558,53.0,21.36,100,4.61,CA
20,saint-philippe,-21.3585,55.7679,81.0,74.53,28,10.29,AR
21,port alfred,-33.5906,26.891,94.0,58.17,92,10.38,US
22,kodiak,57.79,-152.4072,81.0,38.71,100,11.5,ZA
23,vao,-22.6667,167.4833,67.0,77.38,0,6.73,NZ
24,biak,-0.9131,122.8766,89.0,77.05,96,6.08,RU
26,norman wells,65.282,-126.8329,35.0,17.64,20,4.61,SB
27,fayaoue,-20.65,166.5333,61.0,79.83,8,8.57,IT
28,rikitea,-23.1203,-134.9692,67.0,78.76,20,13.91,ZA
29,ribeira grande,38.5167,-28.7,77.0,59.07,4,19.1,NO
31,touros,-5.1989,-35.4608,84.0,78.93,93,6.13,PF
32,albany,42.6001,-73.9662,94.0,36.3,65,4.27,CA
33,bambous virieux,-20.3428,57.7575,88.0,77.25,75,13.8,EC
34,east london,-33.0153,27.9116,77.0,61.48,100,7.0,CV
35,portland,45.5234,-122.6762,72.0,44.26,20,6.91,NO
36,saint george,37.1041,-113.5841,18.0,70.39,0,5.75,NZ
37,georgetown,5.4112,100.3354,70.0,87.35,20,3.44,MU
38,ternate,0.8,127.4,74.0,84.24,67,6.44,PW
39,atuona,-9.8,-139.0333,79.0,78.66,72,15.26,AR
40,puerto ayora,-0.7393,-90.3518,92.0,75.27,72,5.12,MG
41,ushuaia,-54.8,-68.3,81.0,38.86,0,3.44,ID
42,stokmarknes,68.5646,14.9108,100.0,39.18,100,0.0,RU
43,otjimbingwe,-22.35,16.1333,46.0,65.46,78,2.73,GT
44,vaini,-21.2,-175.2,79.0,84.36,75,5.75,AU
45,yellowknife,62.456,-114.3525,52.0,10.92,75,6.91,UY
46,sheregesh,52.9209,87.9869,52.0,56.88,28,2.98,CK
47,rocha,-34.4833,-54.3333,92.0,53.26,0,2.15,US
48,kamen-na-obi,53.7884,81.3423,37.0,56.66,98,8.72,ZA
49,basavakalyan,17.8667,76.95,29.0,91.56,52,10.94,BR
50,seybaplaya,19.65,-90.6667,66.0,81.41,4,14.52,TZ
51,kathu,7.9178,98.3332,69.0,88.7,76,3.65,SE
52,castro,-24.7911,-50.0119,99.0,48.85,9,5.46,PG
54,bethel,41.3712,-73.414,91.0,41.14,100,5.75,ZA
55,nordenham,53.5,8.4833,79.0,37.17,43,6.87,RU
57,sokoni,-6.4333,39.55,81.0,78.66,100,11.63,CL
58,dodge city,37.7528,-100.0171,40.0,48.43,100,16.11,LR
59,talakan,50.3167,130.3667,73.0,37.31,100,10.47,NZ
60,valparaiso,-33.0393,-71.6273,73.0,56.48,0,2.3,SD
61,goderich,43.7501,-81.7165,80.0,30.52,100,16.11,PF
62,avanigadda,16.0215,80.9181,50.0,93.33,36,7.61,JP
63,barreirinha,-2.7933,-57.07,98.0,73.4,100,0.85,MU
64,mataura,-46.1927,168.8643,48.0,53.47,95,2.46,MN
65,kitakata,37.65,139.8667,30.0,60.06,3,2.8,MU
66,cabo san lucas,22.8909,-109.9124,55.0,75.36,100,10.36,SH
67,san cristobal,7.7669,-72.225,96.0,75.38,100,4.59,KI
68,santo domingo,18.5001,-69.9886,86.0,75.2,20,0.0,US
69,torbay,47.6666,-52.7314,71.0,45.37,40,23.02,MY
70,tacoronte,28.4769,-16.4102,37.0,66.76,0,9.22,CA
71,white oak,39.2131,-84.5994,56.0,44.29,0,13.8,RU
72,kaabong,3.4836,34.1492,90.0,62.49,100,0.87,NO
73,muzhi,65.3667,64.6667,76.0,20.61,42,12.19,US
74,hobart,-42.8794,147.3294,44.0,77.18,0,18.41,NO
75,okhotsk,59.3833,143.3,75.0,28.13,98,9.24,GB
76,ostrovnoy,68.0531,39.5131,98.0,35.91,100,20.78,RU
77,alice springs,-23.7,133.8833,15.0,92.75,10,13.8,RU
78,avarua,-21.2078,-159.775,78.0,80.65,75,5.75,ZA
79,san jeronimo,-11.9472,-75.2829,89.0,46.18,83,3.04,US
80,nola,40.922,14.5329,59.0,57.11,98,10.69,GL
81,nara,34.6851,135.8049,47.0,66.36,51,6.69,VU
82,salalah,17.0151,54.0924,89.0,78.89,20,2.3,PE
83,margate,51.3813,1.3862,86.0,46.29,54,1.99,GL
84,pisco,-13.7,-76.2167,82.0,64.45,0,6.91,GL
85,esik,43.3552,77.4525,29.0,58.42,2,5.44,PF
86,airai,-8.9266,125.4092,70.0,72.61,50,1.12,CL
87,sao gabriel,-30.3364,-54.32,87.0,54.0,0,7.47,RU
88,acari,-15.4311,-74.6158,81.0,67.62,98,4.38,CA
90,russkaya polyana,49.417,31.9201,83.0,39.36,99,8.3,BY
91,kampot,10.6167,104.1833,69.0,78.85,100,8.43,CU
92,barrow,71.2906,-156.7887,72.0,8.62,0,19.57,US
93,bluff,-46.6,168.3333,59.0,53.8,87,7.05,ML
94,aklavik,68.2191,-135.0107,87.0,8.91,22,12.39,AU
95,kalianget,-7.05,113.9333,70.0,85.89,71,3.96,RU
96,hilo,19.7297,-155.09,92.0,68.85,100,5.75,TO
97,rochester,43.1548,-77.6156,76.0,33.66,100,5.75,AR
98,boyolangu,-8.1181,111.8935,65.0,87.22,69,4.88,BR
100,cidreira,-30.1811,-50.2056,72.0,65.93,79,6.42,JP
101,meulaboh,4.1363,96.1285,67.0,86.05,37,2.42,AU
102,gornopravdinsk,60.05,69.9,80.0,31.96,97,8.16,RU
103,pangnirtung,66.1451,-65.7125,87.0,1.2,100,6.8,CA
104,beloha,-25.1667,45.05,91.0,72.73,66,7.43,AU
106,bandarbeyla,9.4942,50.8122,73.0,82.4,30,9.57,AU
108,kapaa,22.0752,-159.319,96.0,70.0,100,17.27,IN
110,abu dhabi,24.4667,54.3667,69.0,82.18,0,4.61,AU
111,lebu,-37.6167,-73.65,92.0,52.48,47,7.45,SB
112,illapel,-31.6308,-71.1653,62.0,62.8,0,2.66,RU
113,onega,63.9061,38.1404,82.0,32.95,100,10.16,AG
114,lorengau,-2.0226,147.2712,71.0,84.69,48,4.09,CN
115,sorland,67.667,12.6934,94.0,42.06,100,22.41,SZ
116,halifax,44.6453,-63.5724,88.0,43.03,100,6.91,BA
117,khatanga,71.9667,102.5,93.0,24.26,93,10.0,HU
118,vaitape,-16.5167,-151.75,71.0,82.15,4,12.48,MU
119,barcelos,41.5388,-8.6151,90.0,54.36,93,2.19,RU
120,pitiquito,30.7,-112.0833,20.0,72.39,0,3.27,RU
121,pithoro,25.5167,69.3833,33.0,93.36,3,20.62,NZ
122,luderitz,-26.6481,15.1594,60.0,61.95,0,9.98,AU
123,maldonado,-34.6667,-54.9167,92.0,56.59,1,4.23,RU
124,smoky lake,54.1169,-112.4686,90.0,24.31,100,6.8,US
125,tomatlan,19.9333,-105.25,56.0,71.44,100,1.34,RO
126,cherskiy,68.75,161.3,85.0,20.66,100,13.44,SD
127,tuktoyaktuk,69.4541,-133.0374,66.0,3.2,40,6.91,RU
128,souillac,-20.5167,57.5167,88.0,77.38,75,13.8,GT
130,san patricio,28.017,-97.5169,89.0,75.02,90,8.86,US
131,tigil,57.8,158.6667,79.0,27.32,99,10.87,RU
132,new norfolk,-42.7826,147.0587,36.0,75.94,100,3.0,RU
133,tumaco,1.7986,-78.8156,91.0,76.44,100,6.06,MV
135,jamestown,42.097,-79.2353,70.0,33.12,100,9.22,SL
136,bathsheba,13.2167,-59.5167,78.0,79.41,40,20.71,CL
137,axim,4.8699,-2.2405,87.0,75.11,100,2.93,SJ
138,nemuro,43.3236,145.575,73.0,41.79,6,16.33,RU
139,bitung,1.4451,125.1824,67.0,90.45,98,8.86,EG
140,isiolo,0.3546,37.5822,67.0,70.84,100,3.74,LR
141,mahebourg,-20.4081,57.7,88.0,77.29,75,13.8,AR
142,kidal,18.4411,1.4078,20.0,73.94,100,14.81,GP
143,bredasdorp,-34.5322,20.0403,87.0,55.58,2,6.78,US
144,tulum,20.2167,-87.4667,79.0,77.52,1,7.58,ES
145,los llanos de aridane,28.6585,-17.9182,82.0,60.55,0,10.36,CL
146,bengkulu,-3.8004,102.2655,66.0,85.86,83,5.46,NZ
147,scottsbluff,41.8666,-103.6672,38.0,45.5,100,29.93,ZM
148,provideniya,64.3833,-173.3,96.0,32.59,100,12.01,US
149,guerrero negro,27.9769,-114.0611,84.0,59.95,73,17.83,BR
150,springdale,36.1867,-94.1288,58.0,53.89,100,11.99,RU
151,kandi,11.1342,2.9386,54.0,79.52,59,4.07,CN
152,kirakira,-10.4544,161.9205,66.0,84.88,95,5.75,AL
153,namibe,-15.1961,12.1522,75.0,72.72,86,3.6,WS
154,faanui,-16.4833,-151.75,71.0,82.15,4,12.46,NP
156,akdepe,42.0551,59.3788,48.0,56.39,100,15.99,US
157,perbaungan,3.5679,98.956,73.0,87.91,100,4.94,GL
158,carnarvon,-24.8667,113.6333,57.0,78.87,100,16.11,PH
159,am timan,11.0297,20.2827,35.0,85.84,47,4.83,RU
160,khudumelapye,-23.8833,24.75,87.0,61.74,100,10.58,US
161,chokurdakh,70.6333,147.9167,86.0,9.34,23,3.56,CA
162,chuy,-33.6971,-53.4616,86.0,58.82,5,3.47,MR
163,nata,8.3333,-80.5167,68.0,80.22,100,4.63,RU
164,hearst,49.6835,-83.6665,92.0,21.45,100,9.33,MU
165,wismar,53.9,11.4667,83.0,33.94,12,1.99,CA
166,san carlos de bariloche,-41.1456,-71.3082,61.0,44.35,0,6.91,ZA
167,kaitangata,-46.2817,169.8464,64.0,55.78,90,10.47,CA
168,kenai,60.5544,-151.2583,60.0,40.35,100,6.91,RU
169,pevek,69.7008,170.3133,89.0,7.09,100,6.04,MX
171,tiksi,71.6872,128.8694,90.0,7.63,26,6.55,IN
172,port lincoln,-34.7333,135.8667,71.0,67.08,100,10.36,SO
173,urumqi,43.801,87.6005,14.0,58.15,0,6.71,RU
174,saint-pierre,-21.3393,55.4781,75.0,74.57,0,3.44,ER
175,charters towers,-20.1,146.2667,34.0,84.65,84,7.96,PT
176,coquimbo,-29.9533,-71.3436,88.0,56.93,40,4.61,BR
177,tura,25.5198,90.2201,63.0,83.23,11,7.99,VE
178,namatanai,-3.6667,152.4333,70.0,84.69,56,7.96,US
180,bathurst,-33.4166,149.5806,41.0,75.96,0,1.01,NO
181,gora,51.6664,16.5349,75.0,33.1,70,4.76,MG
183,victoria,22.2855,114.1577,66.0,74.3,99,11.99,WF
184,badiraguato,25.3667,-107.5167,23.0,72.7,85,2.57,CI
185,klaksvik,62.2266,-6.589,98.0,47.32,100,19.75,US
186,krasnyy chikoy,50.3643,108.7512,39.0,52.83,75,10.92,CA
187,bako,5.7833,36.5667,92.0,62.51,100,4.05,AU
188,zeya,53.75,127.2667,38.0,43.3,29,6.78,RU
189,bambanglipuro,-7.95,110.2833,66.0,87.53,79,6.2,CA
190,atasu,48.6814,71.6433,18.0,63.93,100,5.06,CL
191,huttwil,47.115,7.8621,90.0,36.79,4,5.59,RU
192,moose factory,51.2585,-80.6094,86.0,26.58,100,12.66,PG
193,laguna,38.421,-121.4238,65.0,58.06,0,10.36,NO
194,dwarka,22.2394,68.9678,68.0,82.94,0,13.78,NG
195,nikolsk,53.7189,46.0712,87.0,47.16,100,9.15,TZ
196,quatre cocos,-20.2078,57.7625,82.0,78.1,75,14.92,ZA
198,prince rupert,54.3161,-130.3201,61.0,44.69,0,6.91,GL
199,emba,48.8264,58.1442,64.0,53.24,50,4.9,CA
200,broken hill,-31.95,141.4333,21.0,83.91,28,14.97,PF
201,la roda,39.2167,-2.15,44.0,46.26,0,9.01,MX
202,kirksville,40.1948,-92.5833,44.0,41.58,0,5.75,AU
203,balaipungut,1.05,101.2833,84.0,82.71,100,0.96,BR
205,labuhan,-6.8844,112.2051,68.0,86.83,44,6.08,VU
206,mar del plata,-38.0023,-57.5575,88.0,57.76,78,5.01,ZA
207,constitucion,-35.3333,-72.4167,76.0,53.64,0,4.36,JP
208,hovd,48.0056,91.6419,12.0,52.11,0,3.56,CA
209,manokwari,-0.8667,134.0833,70.0,84.04,41,6.29,CI
210,castelo do piaui,-5.3222,-41.5525,96.0,71.31,76,3.04,ID
211,lianzhou,24.7811,112.3825,91.0,55.67,100,2.51,RU
212,wanning,18.8003,110.3967,68.0,82.9,57,8.79,BR
213,hami,42.8,93.45,15.0,62.2,0,8.81,BR
214,cape town,-33.9258,18.4232,77.0,57.0,0,8.05,AT
215,puerto narino,-3.7703,-70.3831,99.0,73.0,100,0.65,BB
216,rawlins,41.7911,-107.2387,81.0,39.09,100,25.32,AU
217,komsomolskiy,40.4272,71.7189,32.0,68.72,90,4.61,PE
218,ha tinh,18.3333,105.9,88.0,76.78,100,8.23,SD
219,santa isabel do rio negro,-0.4139,-65.0192,93.0,72.43,67,2.04,BM
220,hambantota,6.1241,81.1185,94.0,84.54,40,5.75,ID
221,la seyne-sur-mer,43.0982,5.8847,53.0,61.56,95,7.0,US
222,walvis bay,-22.9575,14.5053,100.0,52.75,24,1.14,BR
223,malangwa,26.8568,85.5581,29.0,94.82,4,11.03,BM
224,taoyuan,32.2972,120.6167,34.0,66.0,45,6.82,GL
226,norashen,39.9996,44.5895,53.0,44.13,1,2.1,JP
227,saskylakh,71.9167,114.0833,92.0,21.96,100,20.07,EG
228,sarangarh,21.6,83.0833,11.0,101.21,21,11.79,AU
229,petropavlovsk-kamchatskiy,53.0452,158.6483,31.0,41.59,0,11.18,MX
230,san ignacio,17.1561,-89.0714,74.0,82.54,0,4.61,US
231,kyren,51.6828,102.1408,42.0,54.19,12,1.7,MX
232,la libertad,-2.2333,-80.9,85.0,70.72,84,8.28,AU
233,paracuru,-3.41,-39.0306,88.0,79.11,58,3.58,RU
235,ucluelet,48.9329,-125.5528,76.0,43.09,71,6.96,LY
236,darhan,49.4867,105.9228,30.0,56.23,46,6.6,CV
238,tiarei,-17.5333,-149.3333,75.0,84.22,6,10.65,NZ
239,lasa,46.6166,10.7002,59.0,39.38,10,6.11,ID
240,zhigansk,66.7697,123.3711,90.0,20.32,100,18.84,CD
242,mitsamiouli,-11.3847,43.2844,83.0,79.09,20,6.91,NE
243,voh,-20.9667,164.7,60.0,80.92,0,6.8,KH
244,umtata,-31.5889,28.7844,93.0,52.36,75,4.61,CA
245,borovoy,55.4333,86.0833,24.0,65.48,0,13.42,CN
246,fort nelson,58.8053,-122.7002,79.0,17.19,100,8.05,CD
247,arraial do cabo,-22.9661,-42.0278,74.0,71.62,4,16.8,IN
248,bilma,18.6853,12.9164,10.0,80.71,84,9.1,MG
249,tashtyp,52.7939,89.8983,37.0,61.59,8,3.91,FO
250,kavieng,-2.5744,150.7967,71.0,84.6,26,8.03,ID
251,arlit,18.7369,7.3853,16.0,72.12,95,8.99,RU
252,vostok,46.4856,135.8833,45.0,40.51,90,14.54,RU
253,dingle,10.9995,122.6711,64.0,86.83,100,9.22,GL
254,griffith,41.5284,-87.4237,70.0,34.38,40,8.05,CN
256,piacabucu,-10.4056,-36.4344,88.0,78.48,13,8.41,ZA
258,santa maria,-29.6842,-53.8069,94.0,54.7,0,0.0,MG
259,luganville,-15.5333,167.1667,73.0,83.98,78,4.07,RE
260,baghdad,33.3406,44.4009,38.0,58.91,0,6.91,US
261,puerto penasco,31.3167,-113.5333,80.0,68.92,0,5.1,ID
262,kokstad,-30.5472,29.4241,97.0,48.7,100,3.36,PH
263,nikolskoye,59.7035,30.7861,76.0,29.95,50,2.33,SO
264,asau,46.4333,26.4,86.0,36.52,100,7.27,BR
265,san policarpo,12.1791,125.5072,70.0,83.66,55,8.68,CA
266,te anau,-45.4167,167.7167,53.0,56.84,85,0.27,AU
269,martapura,-3.4167,114.85,62.0,87.89,20,5.75,GH
270,rosemead,34.0806,-118.0729,78.0,59.27,0,3.0,ML
271,agadir,30.4202,-9.5982,25.0,64.85,93,7.25,TV
272,kontagora,10.3999,5.4695,70.0,78.19,35,3.6,RU
273,padang,-0.9492,100.3543,64.0,87.85,26,5.95,PW
274,billings,45.7833,-108.5007,71.0,34.81,100,18.41,RU
275,ahipara,-35.1667,173.1667,85.0,61.23,100,15.26,ID
279,sao filipe,14.8961,-24.4956,80.0,70.5,33,6.51,RU
281,vila,42.0304,-8.1588,91.0,44.71,91,2.57,RU
282,rawson,-43.3002,-65.1023,74.0,53.2,0,10.87,PF
283,ous,60.9058,61.5186,72.0,27.75,72,9.42,US
284,vila franca do campo,37.7167,-25.4333,91.0,61.21,98,9.6,NC
285,iqaluit,63.7506,-68.5145,84.0,2.7,100,15.01,AU
286,obo,5.3998,26.4869,96.0,67.78,100,3.65,MQ
287,gravelbourg,49.8834,-106.5512,92.0,26.87,100,8.77,GF
288,synya,65.3718,58.0387,90.0,19.36,99,7.0,AU
289,pacifica,37.6138,-122.4869,78.0,48.38,20,11.99,RU
290,immokalee,26.4187,-81.4173,92.0,72.52,11,5.23,MY
291,mount gambier,-37.8333,140.7667,53.0,71.51,100,19.57,CR
292,voi,-3.3945,38.563,80.0,72.34,93,5.32,CA
293,whitehorse,60.7161,-135.0538,58.0,30.63,100,11.5,TN
294,surt,31.2089,16.5887,83.0,61.29,76,20.29,MW
296,akyab,20.15,92.9,65.0,86.77,13,5.59,PT
297,port hardy,50.6996,-127.4199,61.0,44.78,40,10.36,GN
299,muisne,0.6,-80.0333,86.0,76.23,100,6.29,VN
300,providencia,28.7167,-111.5833,34.0,71.2,100,4.12,PE
301,moron,-34.6534,-58.6198,88.0,62.6,87,6.2,US
302,kulhudhuffushi,6.6221,73.07,72.0,83.5,61,5.99,AO
303,the valley,18.217,-63.0578,75.0,78.66,48,24.63,ZA
304,clyde river,70.4692,-68.5914,77.0,-9.17,100,11.5,BR
305,paamiut,61.994,-49.6678,86.0,22.48,28,0.34,CV
306,sakaiminato,35.55,133.2333,42.0,64.38,20,8.05,PE
307,shimoda,34.6667,138.95,73.0,54.1,100,7.65,GB
309,chara,56.9064,118.2631,68.0,23.5,98,3.31,CN
310,mehamn,71.0357,27.8492,90.0,37.33,100,26.96,CN
311,santo antonio do sudoeste,-26.0736,-53.7253,88.0,52.32,0,2.57,CV
312,katsuura,35.1333,140.3,60.0,59.07,100,9.82,CA
313,boa vista,2.8197,-60.6733,74.0,80.58,75,6.91,US
314,havelock,34.8791,-76.9013,89.0,65.62,75,8.05,CO
316,champerico,14.3,-91.9167,71.0,83.86,9,9.1,GA
317,omboue,-1.5746,9.2618,90.0,76.6,98,4.23,ML
318,najran,17.4924,44.1277,23.0,70.45,24,1.83,RU
319,xudat,41.631,48.681,68.0,52.16,28,4.29,RU
320,rio grande,-32.035,-52.0986,74.0,65.82,88,9.31,KI
321,ondjiva,-17.0667,15.7333,83.0,66.24,100,1.1,GN
322,goldsboro,35.3849,-77.9928,82.0,66.78,75,8.05,CA
323,ca mau,9.1769,105.15,51.0,90.05,70,8.57,RU
324,toyohashi,34.7667,137.3833,29.0,60.76,100,5.99,RU
325,shirokiy,49.758,129.523,46.0,43.27,94,15.66,SL
326,general roca,-39.0333,-67.5833,74.0,52.63,3,11.41,BR
327,hervey bay,-25.2986,152.8535,66.0,77.02,44,10.0,BR
328,ponta do sol,32.6667,-17.1,42.0,67.12,100,8.9,CA
329,emerald,-23.5333,148.1667,32.0,80.74,40,8.05,NZ
330,dunedin,-45.8742,170.5036,72.0,54.81,98,11.99,RU
331,lavrentiya,65.5833,-171.0,93.0,31.48,100,9.8,MA
332,ferkessedougou,9.6,-5.2,74.0,74.52,100,3.8,US
333,mahajanga,-15.7167,46.3167,88.0,69.82,20,5.75,IR
334,hasaki,35.7333,140.8333,55.0,61.2,98,9.26,NC
335,santa vitoria do palmar,-33.5189,-53.3681,86.0,59.83,13,3.15,AU
336,catuday,16.2923,119.8062,61.0,84.36,43,0.76,IR
337,juneau,58.3019,-134.4197,73.0,39.7,100,0.0,BR
338,tateyama,34.9833,139.8667,58.0,59.97,100,8.63,NA
339,marsa matruh,31.3525,27.2453,19.0,77.2,91,21.85,RU
340,qaanaaq,77.484,-69.3632,73.0,-21.1,5,7.96,WS
341,fairbanks,64.8378,-147.7164,33.0,29.68,0,14.97,GH
342,alamosa,37.4695,-105.87,17.0,53.58,20,10.36,TV
343,san quintin,30.4833,-115.95,85.0,59.23,0,16.49,ZM
344,noumea,-22.2763,166.4572,99.0,84.0,0,13.27,IR
345,cayenne,4.9333,-52.3333,1.0,81.09,75,4.0,LY
347,blagoveshchenka,52.8333,79.8667,31.0,57.58,100,7.61,ZM
348,kem,64.9555,34.5793,83.0,34.12,100,13.67,CN
349,lagoa,39.05,-27.9833,74.0,57.81,0,14.92,RU
350,codrington,-38.2667,141.9667,33.0,78.51,100,20.49,TM
351,igarka,67.4667,86.5833,87.0,20.93,100,19.24,MN
352,sonipat,28.9833,77.0167,9.0,89.6,70,7.38,MX
354,port elizabeth,-33.918,25.5701,91.0,61.2,40,9.22,DZ
355,kutum,14.2,24.6667,10.0,72.0,19,5.75,CU
356,mandalgovi,45.7625,106.2708,33.0,44.8,27,16.58,TD
357,ambilobe,-13.2,49.05,83.0,72.16,6,3.02,IE
358,uribia,11.7139,-72.266,72.0,81.05,87,17.4,NO
359,la peca,-5.6111,-78.435,87.0,67.82,55,3.29,IR
360,larsnes,62.2028,5.5773,89.0,40.12,100,4.5,RU
361,kalisz,51.7611,18.091,87.0,31.17,53,6.31,BR
362,chifeng,42.2683,118.9636,12.0,62.71,100,9.1,KZ
363,surazh,53.0175,32.3918,95.0,31.44,100,14.12,SO
364,teruel,40.6667,-0.6667,70.0,42.55,0,2.73,US
365,zhanaozen,43.3,52.8,30.0,61.47,99,14.99,US
366,bonga,7.2833,36.2333,100.0,59.59,100,2.15,BR
367,taoudenni,22.6783,-3.9836,30.0,71.4,0,10.78,GR
368,mansa,29.9833,75.3833,9.0,98.1,92,8.16,RU
369,kuah,6.3265,99.8432,74.0,87.78,40,4.61,CA
370,ibra,22.6906,58.5334,16.0,90.72,59,3.31,PH
371,saint-georges,12.0564,-61.7485,78.0,80.28,40,23.02,PT
372,letlhakane,-21.4167,25.5833,82.0,64.17,100,12.75,RU
373,skjervoy,70.0311,20.9714,87.0,39.2,100,13.51,IN
374,acapulco,16.8634,-99.8901,67.0,77.95,6,3.49,RU
375,necochea,-38.5473,-58.7368,74.0,56.41,100,3.69,ES
376,puerto escondido,15.85,-97.0667,72.0,81.25,10,8.59,LT
377,nome,64.5011,-165.4064,75.0,33.87,100,18.41,RU
378,mancio lima,-7.6142,-72.8958,97.0,71.37,38,1.14,IN
379,chapais,49.7834,-74.8492,95.0,28.18,96,9.48,BR
380,ilulissat,69.2167,-51.1,90.0,-9.74,7,5.66,SB
381,yulara,-25.2406,130.9889,23.0,87.64,4,5.75,NA
382,inhambane,-23.865,35.3833,91.0,72.77,81,6.06,BR
383,pavino,59.1139,46.1414,72.0,30.16,11,4.99,SJ
384,kavaratti,10.5669,72.642,73.0,84.2,45,6.8,PH
385,melong,5.1218,9.9614,94.0,68.22,94,0.81,CL
386,jaguarao,-32.5661,-53.3758,83.0,60.42,51,1.16,CD
387,narsaq,60.9167,-46.05,84.0,30.42,8,2.21,IT
388,susuman,62.7833,148.1667,65.0,17.94,97,3.04,IS
389,hun,29.1268,15.9477,67.0,60.78,0,8.68,ZA
390,cranbrook,49.4999,-115.7688,30.0,37.24,100,6.91,BR
391,geilo,60.5333,8.2076,74.0,26.53,100,5.57,MZ
392,kasempa,-13.4584,25.8338,94.0,62.46,99,6.98,SD
393,cartagena,10.3997,-75.5144,89.0,80.22,75,3.44,KG
394,sitka,57.0531,-135.33,49.0,46.29,0,0.0,NZ
395,hickory,35.7332,-81.3412,81.0,59.07,0,0.0,GH
396,nsanje,-16.92,35.262,99.0,70.52,26,2.8,KH
397,north bend,43.4065,-124.2243,80.0,45.09,40,5.75,LY
398,valsad,20.6333,72.9333,54.0,86.25,0,8.01,BR
399,neiafu,-18.65,-173.9833,79.0,84.88,20,9.22,US
400,lompoc,34.6391,-120.4579,93.0,52.23,75,9.22,CO
401,cabras,39.93,8.5314,65.0,56.07,82,11.97,CN
402,praia da vitoria,38.7333,-27.0667,94.0,57.45,40,11.83,US
403,sovetskiy,61.3614,63.5842,81.0,28.69,100,7.27,RU
404,fairview,40.8126,-73.999,86.0,43.77,100,14.97,CN
405,hofn,64.2539,-15.2082,95.0,46.04,99,7.54,MX
406,parksville,49.3163,-124.3195,67.0,43.99,84,6.76,CA
407,ramshir,30.8946,49.4092,15.0,71.46,1,9.82,ZA
408,carroll,39.5501,-77.0164,68.0,51.91,75,1.99,BO
409,new braunfels,29.703,-98.1245,83.0,77.09,75,10.36,RU
410,sinnamary,5.3833,-52.95,88.0,77.22,96,11.39,PT
411,pocone,-16.2567,-56.6228,66.0,77.47,90,3.18,RU
412,fethiye,36.6217,29.1164,52.0,58.87,100,2.13,CA
413,caravelas,-17.7125,-39.2481,73.0,77.0,100,10.4,SA
414,guisijan,11.0932,122.0461,68.0,84.36,97,7.56,PG
416,alekseyevsk,57.8406,108.3492,90.0,43.95,100,13.2,DZ
417,balkanabat,39.5108,54.3671,83.0,55.56,100,0.81,CR
418,rameswaram,9.2833,79.3,76.0,85.01,65,18.25,PG
419,nabire,-3.3667,135.4833,71.0,84.49,54,6.42,TZ
420,sola,-13.8833,167.55,70.0,90.27,40,0.0,BW
421,flinders,-34.5833,150.8552,60.0,77.22,1,7.0,AU
422,kerema,-7.9631,145.7785,74.0,84.49,81,8.81,CU
423,medea,36.2642,2.7539,70.0,46.78,0,0.49,BR
424,petauke,-14.2426,31.3253,96.0,63.27,20,6.87,BR
425,weligama,5.9667,80.4167,69.0,85.05,81,6.24,PG
426,saint-chamond,45.4737,4.5254,93.0,36.37,0,0.0,CA
427,rognan,67.0953,15.3878,92.0,37.13,100,1.52,IN
428,half moon bay,37.4636,-122.4286,76.0,48.63,0,16.11,CA
429,jumla,29.2747,82.1838,23.0,64.63,0,2.33,CN
430,tasiilaq,65.6145,-37.6368,98.0,33.96,100,5.57,CA
431,jaru,-10.4389,-62.4664,97.0,72.39,98,2.82,CA
432,jutai,-5.1833,-68.9,98.0,73.17,77,1.83,FR
433,pangai,-19.8,-174.35,70.0,84.31,40,6.91,ID
434,olafsvik,64.8945,-23.7142,95.0,43.72,82,12.73,IE
435,vardo,70.3705,31.1107,84.0,37.89,100,27.98,WS
436,road town,18.4167,-64.6167,76.0,75.29,100,24.72,IN
437,jagdalpur,19.0667,82.0333,26.0,94.3,74,7.54,US
438,ossora,59.2353,163.0719,78.0,31.68,98,4.99,CA
439,tuatapere,-46.1333,167.6833,55.0,57.11,86,2.84,BR
441,price,39.5994,-110.8107,57.0,47.46,0,8.05,RU
442,russell,32.3502,-85.1999,96.0,61.68,0,0.0,BD
443,sur,22.5667,59.5289,33.0,91.85,24,1.5,RU
444,mersing,2.4312,103.8405,83.0,82.31,40,0.0,KZ
445,alvin,29.4238,-95.2441,91.0,73.67,0,0.0,AU
446,hirtshals,57.5881,9.9592,77.0,40.24,34,10.71,NO
447,upernavik,72.7868,-56.1549,100.0,-19.82,68,8.16,NZ
448,mali,12.079,-12.2982,24.0,68.43,74,0.96,KR
449,maxixe,-23.8597,35.3472,93.0,71.83,83,4.94,AU
450,seydi,39.4816,62.9137,49.0,68.18,13,17.9,FI
451,petropolis,59.8944,30.2642,75.0,31.1,0,4.47,IR
452,severo-kurilsk,50.6789,156.125,81.0,32.83,100,13.06,CO
453,abhar,36.1468,49.218,71.0,40.3,20,7.74,MV
454,veraval,20.9,70.3667,54.0,85.53,0,9.93,US
455,tombouctou,20.0,-3.0,24.0,69.13,0,10.58,AO
456,huarmey,-10.0681,-78.1522,85.0,67.06,97,7.58,GL
457,mabai,23.0128,104.4508,95.0,59.13,100,3.74,AR
458,ystad,55.4297,13.8204,74.0,34.54,79,8.79,MX
460,padampur,29.6833,73.6167,9.0,96.78,58,13.89,US
461,kharp,66.8014,65.8081,84.0,17.4,91,7.25,MX
462,yaan,7.3833,8.5667,80.0,77.97,90,4.18,RU
463,gravdal,68.1214,13.5031,97.0,41.74,100,16.33,CR
464,la maddalena,41.2142,9.4083,67.0,59.05,0,32.28,BW
466,port macquarie,-31.4333,152.9167,75.0,70.9,99,4.36,RU
468,dubti,11.7361,41.0853,36.0,86.25,27,3.29,NL
469,nampa,43.5407,-116.5635,49.0,42.19,75,13.8,PA
470,bayburt,40.2589,40.2278,62.0,38.26,5,2.21,PE
471,saldanha,-33.0117,17.9442,71.0,57.25,0,9.78,CA
472,bereda,43.2686,-7.5406,100.0,49.14,74,1.25,CA
473,vanimo,-2.6741,141.3028,67.0,85.82,46,6.38,US
474,vestmannaeyjar,63.4427,-20.2734,82.0,45.97,49,12.39,BW
475,faya,18.3851,42.4509,38.0,57.72,0,2.93,MG
476,mutis,6.2262,-77.4044,86.0,77.68,97,4.34,TZ
477,dubreka,9.7911,-13.5233,84.0,72.36,65,2.3,PG
478,cururupu,-1.8283,-44.8683,98.0,73.81,83,1.16,AN
479,santa elena,-2.2333,-80.85,86.0,70.48,86,7.63,GL
480,avondale,33.4356,-112.3496,14.0,78.55,0,10.36,AU
481,west wendover,40.7391,-114.0733,33.0,56.41,0,17.27,BR
482,el sauzal,31.9,-116.6833,85.0,59.41,0,9.17,NG
483,holbeach,52.804,0.0144,87.0,42.35,98,1.99,BR
485,lukulu,-14.3707,23.242,97.0,65.71,100,6.6,LY
486,laurel,39.0993,-76.8483,71.0,56.73,100,6.91,MR
487,at-bashi,41.1702,75.8106,37.0,53.08,4,0.65,VE
489,ancud,-41.8697,-73.8203,87.0,55.22,0,3.4,CO
490,chipinge,-20.1883,32.6236,98.0,61.84,94,3.42,PF
491,rosarito,32.3333,-117.0333,80.0,60.01,4,8.97,BR
492,nanortalik,60.1432,-45.2371,83.0,29.01,95,8.32,CL
493,port keats,-14.25,129.55,43.0,93.04,86,5.41,IN
494,peniche,39.3558,-9.3811,89.0,56.07,100,14.18,ID
495,yarada,17.65,83.2667,62.0,89.92,40,10.36,CN
496,bad frankenhausen,51.35,11.1,68.0,33.24,55,2.75,PH
497,kashi,39.4547,75.9797,20.0,60.01,1,11.18,IN
498,mocajuba,-2.5842,-49.5072,98.0,73.15,100,2.39,DK
499,singkang,2.1006,102.7994,56.0,90.66,94,1.01,BR
500,save,8.0425,2.486,79.0,76.33,51,3.38,ID
501,kajaani,64.2273,27.7285,64.0,30.25,0,6.91,BR
502,plettenberg bay,-34.0527,23.3716,78.0,56.93,1,4.25,RU
503,ngunguru,-35.6167,174.5,80.0,65.46,100,21.52,RU
504,aswan,24.0934,32.907,14.0,76.3,0,6.91,CD
505,des moines,41.6005,-93.6091,48.0,37.92,100,4.61,FR
506,hobyo,5.3505,48.5268,73.0,83.57,33,12.57,FR
507,osakarovka,50.565,72.5692,30.0,57.42,86,12.57,CN
508,mindelo,16.8901,-24.9804,64.0,71.15,75,11.5,CN
509,sivagiri,9.3333,77.4333,61.0,87.46,23,2.1,RU
510,victoria point,-27.5833,153.3,62.0,76.28,66,8.99,ES
511,blythe,33.6103,-114.5964,17.0,81.05,0,14.97,RU
512,debre tabor,11.85,38.0167,75.0,55.35,100,6.06,GH
513,yelizovo,53.1873,158.3805,31.0,42.94,0,11.18,RU
514,mount pleasant,32.7941,-79.8626,96.0,67.73,0,6.91,JP
515,lucapa,-8.4192,20.7447,97.0,64.49,89,2.73,TZ
516,taltal,-25.4,-70.4833,77.0,61.11,0,3.13,AU
518,auki,-8.7676,160.7034,74.0,83.39,89,3.11,KZ
519,pyu,18.4833,96.4333,39.0,97.41,8,8.41,CN
521,deputatskiy,69.3,139.9,87.0,13.5,100,4.09,ML
522,tatarka,44.9589,41.9517,78.0,48.02,24,5.19,AR
523,luba,3.4568,8.5547,80.0,78.69,100,2.51,CA
524,yasnyy,51.0333,59.8742,64.0,45.46,0,4.5,RU
525,marabba,12.35,32.1833,49.0,83.8,62,13.15,JP
526,ammon,43.4696,-111.9666,81.0,40.14,75,24.16,RU
527,abu samrah,35.3029,37.1841,38.0,60.8,18,3.96,ML
529,norrtalje,59.758,18.705,80.0,39.06,100,2.82,CD
530,roma,43.2128,-75.4557,77.0,37.9,100,14.0,RU
531,mecca,21.4267,39.8261,29.0,83.79,0,4.45,US
532,leningradskiy,69.3833,178.4167,92.0,14.74,91,7.34,ES
533,montepuez,-13.1256,38.9997,98.0,67.1,28,5.12,US
534,eureka,40.8021,-124.1637,76.0,46.36,72,5.01,MX
535,palpa,-14.5336,-75.1856,65.0,69.69,81,2.13,US
536,isla vista,34.4133,-119.861,80.0,57.02,0,9.22,RU
538,alofi,-19.0595,-169.9187,70.0,85.89,57,6.91,JP
539,baruun-urt,46.6806,113.2792,28.0,49.78,34,11.41,CF
540,raga,8.4596,25.678,65.0,78.26,90,3.36,BR
541,ketchikan,55.3422,-131.6461,40.0,48.67,0,9.22,DE
542,dalianwan,39.0286,121.695,24.0,68.04,0,22.37,MX
544,saint-augustin,51.226,-58.6502,90.0,29.08,60,10.13,CN
545,dongsheng,39.8161,109.9776,55.0,44.67,100,7.67,CN
546,grand gaube,-20.0064,57.6608,83.0,79.38,70,10.0,MV
547,kosh-agach,50.0,88.6667,22.0,44.38,0,2.84,MG
548,tabuk,17.4189,121.4443,61.0,85.12,58,6.49,RU
549,zhangye,38.9342,100.4517,25.0,51.04,1,23.24,SA
550,tromso,69.6496,18.957,81.0,40.37,100,12.66,GL
551,bismarck,46.8083,-100.7837,74.0,22.5,0,11.5,JP
552,havre-saint-pierre,50.2334,-63.5986,93.0,30.56,20,4.61,IN
553,kruisfontein,-34.0033,24.7314,92.0,59.88,0,3.0,NO
554,medicine hat,50.0501,-110.6683,55.0,33.69,100,11.5,SN
555,nouadhibou,20.931,-17.0347,94.0,62.58,75,11.5,RU
556,dauriya,49.9333,116.8667,18.0,44.19,56,12.88,RU
557,esperance,-33.8667,121.9,64.0,62.44,97,14.09,US
558,novomykolayivka,47.9781,35.9102,85.0,47.52,79,3.8,AU
559,amapa,1.0,-52.0,99.0,71.01,75,1.68,NO
560,songjianghe,42.1859,127.479,25.0,55.24,73,10.89,CO
561,luang prabang,19.8856,102.1347,32.0,99.66,4,2.55,MV
562,nago,26.5881,127.9761,51.0,71.76,60,11.14,MX
563,kahama,-3.8333,32.6,95.0,61.66,97,2.08,US
564,togur,58.3631,82.8265,81.0,49.03,95,13.13,PF
565,puerto leguizamo,-0.1934,-74.7819,98.0,72.46,98,1.95,RU
566,hendaye,43.3717,-1.7738,94.0,49.87,100,2.3,MX
567,mayo,38.8876,-76.5119,76.0,56.95,75,12.66,RU
568,progreso,21.2833,-89.6667,80.0,82.11,4,16.64,AE
569,itarema,-2.9248,-39.9167,87.0,76.96,90,5.77,BR
570,puerto baquerizo moreno,-0.9,-89.6,89.0,75.11,70,7.36,CN
571,bend,44.0582,-121.3153,66.0,32.02,75,5.99,RU
572,la reforma,25.0833,-108.05,53.0,72.27,92,5.5,IS
573,camacha,33.0833,-16.3333,72.0,62.02,20,17.27,FR
574,amalapuram,16.5833,82.0167,50.0,93.78,21,5.75,NC
575,kalaleh,37.3807,55.4916,93.0,49.6,100,0.0,CN
576,porto walter,-8.2686,-72.7439,93.0,71.38,19,1.81,VU
577,collierville,35.042,-89.6645,79.0,60.82,100,10.36,US
578,angoche,-16.2325,39.9086,87.0,78.58,17,8.95,MY
579,yokadouma,3.5167,15.05,87.0,69.87,15,2.04,MV
580,verkhnyaya inta,65.9811,60.3094,86.0,18.93,93,11.21,GA
581,beyneu,45.3167,55.2,37.0,61.27,62,8.48,RU
582,dillon,34.4166,-79.3712,92.0,66.13,100,5.48,CA
583,glasgow,55.8652,-4.2576,81.0,51.03,100,9.22,SY
584,fujin,47.26,132.0322,27.0,49.55,31,13.8,MX
585,nyrob,60.733,56.7202,86.0,24.48,71,3.04,AU
586,bonthe,7.5264,-12.505,81.0,76.84,61,2.42,NO
587,rorvik,64.8621,11.2373,83.0,40.64,100,8.9,ID
588,pitimbu,-7.4706,-34.8086,85.0,79.39,74,7.56,IN
589,andenes,69.3143,16.1194,93.0,42.78,100,10.36,GF
592,port hueneme,34.1478,-119.1951,83.0,57.22,0,9.22,PH
593,orumiyeh,37.5527,45.0761,70.0,38.75,0,9.22,ML
594,corner brook,48.9667,-57.9484,95.0,44.76,100,6.58,BR
595,maanshan,31.6957,118.4983,44.0,64.45,93,9.17,WS
596,karratha,-20.7377,116.8463,25.0,96.26,11,10.27,AU
597,vanderhoof,54.0166,-124.0198,71.0,29.26,70,2.55,CN
598,paka,4.6374,103.4368,70.0,89.53,40,3.44,AU
599,fortuna,40.5982,-124.1573,82.0,43.86,0,4.61,EC
600,kyrylivka,46.3759,35.3675,82.0,46.83,83,3.71,PE
601,sept-iles,50.2001,-66.3821,82.0,31.01,20,1.14,TZ
602,houma,29.5958,-90.7195,92.0,74.46,0,3.0,NO
603,hyderabad,17.3753,78.4744,51.0,84.61,40,13.8,BR
604,vicosa do ceara,-3.5622,-41.0922,97.0,66.7,100,1.86,RU
605,listvyanskiy,54.4399,83.4984,61.0,51.57,91,10.45,ID
606,pasighat,28.0667,95.3333,70.0,77.14,82,3.42,AW
607,morros,-9.4467,-46.3003,91.0,72.14,89,2.62,CN
608,dothan,31.2232,-85.3905,94.0,65.3,100,3.44,AM
609,northam,51.0333,-4.2167,74.0,50.25,100,7.76,LK
610,chapayevka,47.4711,36.3451,82.0,46.36,92,4.14,CO
611,weston,26.1004,-80.3998,85.0,75.36,0,4.61,LK
612,gambela,8.25,34.5833,81.0,73.83,100,5.53,RU
613,waddan,29.1614,16.139,70.0,60.37,0,9.71,VG
614,malpe,13.35,74.7167,64.0,85.3,16,1.7,CN
615,longyearbyen,78.2186,15.6401,68.0,21.04,75,8.05,PK
616,xiamen,24.4798,118.0819,52.0,68.05,0,4.47,UA
617,nantucket,41.2835,-70.0995,88.0,52.34,100,9.22,BS
618,banapur,19.7833,85.1833,44.0,92.91,97,7.34,US
620,atar,20.5169,-13.0499,17.0,73.83,1,2.06,PG
621,alyangula,-13.8483,136.4192,58.0,89.47,40,10.36,RU
622,la ronge,55.1001,-105.2842,43.0,30.45,100,4.61,BR
623,riyadh,24.6877,46.7219,18.0,69.94,1,8.5,US
624,svetlogorsk,52.6333,29.7333,86.0,33.39,100,13.18,MM
625,ilanskiy,56.2358,96.065,46.0,59.67,100,15.1,CN
626,kazanskoye,55.6448,69.235,69.0,44.83,43,9.31,RU
627,norden,53.6,7.2,75.0,38.28,13,9.84,PF
628,atikokan,48.7555,-91.6216,99.0,7.0,95,2.62,TR
629,gualan,15.1333,-89.3667,96.0,73.11,38,2.15,ID
630,teodoro sampaio,-22.5325,-52.1675,83.0,58.03,0,3.02,CD
631,huicungo,-7.2833,-76.8,82.0,75.45,99,0.65,IR
632,chunoyar,57.4467,97.3217,74.0,53.89,100,9.69,MV
633,srandakan,-7.9386,110.2506,66.0,87.62,78,6.29,NI
634,tarakan,3.3,117.6333,76.0,81.46,86,3.49,CN
635,gashua,12.871,11.0482,42.0,85.73,91,11.14,KI
637,khuzhir,53.1939,107.3397,76.0,40.3,76,9.71,JP
638,wittenberge,53.0,11.75,80.0,35.01,15,2.75,GB
639,keti bandar,24.1447,67.4497,73.0,83.62,14,16.08,TN
641,waipawa,-41.4122,175.5153,63.0,54.3,19,7.74,VE
642,marmande,44.5,0.1667,94.0,47.55,0,2.48,BR
644,longhua,23.6137,114.1919,53.0,75.88,96,3.6,BB
645,olga,43.7444,135.2892,27.0,54.95,97,6.78,BF
646,payson,40.0444,-111.7321,59.0,50.81,20,5.75,PG
647,tshikapa,-6.4167,20.8,96.0,69.91,100,1.3,SB
648,mount isa,-20.7333,139.5,15.0,92.97,5,8.05,AU
649,unity,52.4501,-109.1682,78.0,24.26,100,6.87,CA
650,mazyr,52.0495,29.2456,96.0,33.44,100,13.53,AU
651,birnin kebbi,12.4539,4.1975,44.0,83.64,68,4.83,US
652,bilibino,68.0546,166.4372,80.0,24.24,99,2.1,SE
653,nakusp,50.2499,-117.8023,29.0,44.94,100,2.3,IE
654,san joaquin,37.9333,-121.3011,51.0,58.91,0,10.36,PH
655,tommot,58.9564,126.2925,56.0,34.75,100,3.18,RU
656,lata,40.1629,-8.3327,93.0,49.66,92,1.7,KG
657,bandar-e lengeh,26.5579,54.8807,53.0,78.91,2,0.0,HN
658,kloulklubed,7.0419,134.2556,71.0,86.5,55,1.5,DZ
659,paragominas,-2.9667,-47.4833,98.0,72.25,96,1.66,UZ
660,del rio,29.3627,-100.8968,49.0,86.56,0,10.36,NO
662,japura,-0.3167,102.35,75.0,85.87,97,1.01,AN
663,virginia beach,36.8529,-75.978,84.0,66.9,100,1.99,GW
665,comodoro rivadavia,-45.8667,-67.5,81.0,42.66,0,2.3,GM
666,nuevitas,21.5453,-77.2644,82.0,72.68,100,4.12,AO
667,wawa,9.9022,4.4192,64.0,78.89,79,3.69,RU
668,lamu,-2.2717,40.902,76.0,82.38,91,11.61,RU
669,clarence town,-32.5833,151.7833,55.0,73.51,15,4.05,MM
670,ayagoz,47.9714,80.4392,19.0,60.49,0,1.66,US
671,vicuna,-30.0319,-70.7081,41.0,49.73,0,2.37,BO
672,ordynskoye,54.3656,81.8994,47.0,55.06,100,8.28,MZ
674,naze,28.3667,129.4833,55.0,70.72,88,10.25,UY
675,hamilton,39.1834,-84.5333,57.0,45.1,21,4.0,CF
676,nishihara,26.1842,127.7558,58.0,69.53,100,9.22,CA
677,panguna,-6.3164,155.4848,76.0,78.28,92,3.51,ZM
678,adamas,36.7333,24.4333,75.0,61.86,100,28.19,CA
679,wuning,29.2589,120.2311,51.0,62.64,100,1.97,TN
680,chimoio,-19.1164,33.4833,100.0,66.06,75,4.36,LK
681,sassandra,4.95,-6.0833,93.0,74.07,99,8.52,AU
682,grindavik,63.8424,-22.4338,100.0,43.27,100,12.66,CN
683,bonavista,48.6499,-53.1147,73.0,39.11,100,14.67,CN
684,tautira,-17.7333,-149.15,76.0,79.72,3,9.75,QA
685,chimbarongo,-34.7,-71.05,54.0,49.08,0,1.1,US
686,avera,33.194,-82.5271,94.0,63.48,100,4.03,US
688,nerchinskiy zavod,51.3088,119.61,24.0,38.98,71,8.48,MM
689,svetlaya,46.5389,138.3297,48.0,46.13,25,10.33,PT
690,poum,-20.2333,164.0167,63.0,78.8,1,8.59,IN
691,trincomalee,8.5711,81.2335,71.0,84.42,89,7.02,RU
692,innisfail,-17.5333,146.0333,84.0,77.25,89,8.88,RU
693,brigham city,41.5102,-112.0155,73.0,46.38,100,4.0,IS
694,gualeguaychu,-33.0094,-58.5172,84.0,59.9,100,3.98,PG
695,schwarzenbach,49.7333,12.0,89.0,28.4,0,0.0,GE
696,manaure,11.7751,-72.4445,77.0,79.86,61,15.41,IS
697,falam,22.9167,93.6833,20.0,87.35,25,2.68,RU
698,helong,42.5397,128.9972,26.0,58.55,94,13.76,ML
699,lebanon,36.2081,-86.2911,67.0,57.58,100,9.22,RU
